id,displayName,region,description,cultural_traits,tech_literacy,pain_points
jp_office_worker,"Japanese Salaryman","Japan","Office worker in Japan, values punctuality and formal etiquette.","High attention to detail, prefers dense but organized info, conservative UI, values stability.","High","Poor localization, non-standard etiquette, lack of clear documentation."
eu_privacy_advocate,"European Privacy-Conscious User","Europe","User from EU, highly concerned with data privacy and GDPR.","Values transparency, prefers minimalist design, skeptical of data collection.","Medium-High","Hidden tracking, cluttered UI, vague privacy policies."
sea_mobile_native,"SEA Mobile-First User","Southeast Asia","Young user in SE Asia, primarily uses mid-range smartphones.","Social-driven, values rewards/points, mobile-heavy, prefers vibrant visuals.","High (Mobile)","Poor mobile optimization, heavy data usage, slow loading."
vn_small_biz,"Vietnamese Small Business Owner","Vietnam","Owner of a small shop or business in Vietnam.","Pragmatic, ROI focused, uses social apps (Zalo) for business, prefers simplicity.","Medium","Complex financial jargon, lack of local payment integration, rigid workflows."
us_tech_early_adopter,"US Tech Early Adopter","USA","Tech enthusiast who always wants the latest innovations.","Values speed, seamless integrations, and modern aesthetics (Bento/Minimalism).","Expert","Slow updates, outdated UI, lack of API/integrations."
latam_gig_worker,"Latin American Gig Worker","Latin America","Courier or ride-share driver in Brazil/Mexico, relies entirely on mobile apps.","Prefers high-contrast UI for outdoor use, data-saving mode, quick feedback loops.","Medium (Mobile)","High mobile data costs, poor battery optimization, lack of offline-first support."
in_rural_farmer,"Indian Rural Agritech User","India","Farmer in rural India using agritech apps for crop management.","Values voice assistance, extremely simple icon-based UI, local dialects.","Low","Complex text navigation, lack of regional language support, slow internet speeds."
nordic_eco_shopper,"Nordic Eco-Conscious Consumer","Northern Europe","Eco-conscious shopper in Sweden/Norway, demands total carbon footprint transparency.","Minimalist design preferences, values ethical certifications, highly skeptical of greenwashing.","High","Hidden greenwashing, cluttered layouts, lack of standardized sustainability scores."
me_digital_nomad,"Middle Eastern Digital Nomad","Middle East","Freelancer or digital nomad in UAE/Saudi Arabia, high purchasing power.","Requires Right-to-Left (RTL) Arabic support, multi-currency display, luxury styling.","High","Missing RTL support, rigid payment processing, poor localization in dual languages."
global_elderly_user,"Global Elderly User","Global","Retired user needing accessible digital interfaces for daily tasks.","Prefers large tap targets, high-contrast layouts, text-to-speech, simple linear navigation.","Low","Tiny font sizes, complex multi-step forms, confusing technical jargon."
kr_gamer,Korean Hardcore Mobile Gamer,South Korea,Hardcore mobile gamer demanding low latency UI.,"High standard for UI responsiveness, dark theme, micro-rewards.",Expert,"Laggy transitions, slow refresh rates, lack of interactive feedback."
id_warung_owner,Indonesian Warung Shop Owner,Indonesia,"Owner of a local family-run shop in Jakarta, uses mobile-only.","Practical, WhatsApp-reliant, mobile-only, low-end device.",Low-Medium,"Complex menus, large asset size, slow performance on 3G network."
tw_nightmarket_vendor,Taiwanese Night Market Vendor,Taiwan,"Vendor in Taipei night market, heavily relies on fast mobile payments.","Outdoor fast-paced environment, high mobile payment reliance, dark environment usage.",Medium,"Slow QR code processing, poor screen contrast under neon lights."
sg_wealth_manager,Singaporean Wealth Manager,Singapore,Financial consultant in Singapore's business district.,"Demands high data density, clean tabular layouts, premium typography, extreme security.",High,"Cluttered charts, slow multi-factor auth, lack of data export formats."
ph_freelance_designer,Filipino Gig Economy Designer,Philippines,Independent designer working remotely for international clients.,"Focuses on global billing systems, relies on stable internet integrations.",High,"Delayed transfer clearances, high payout transaction fees, complex billing dashboards."
th_tourism_operator,Thai Tourism Micro-Operator,Thailand,Owner of a boutique tour agency in Bangkok.,"Requires multi-lingual interface, relies on chat app integrations (LINE/WhatsApp).",Medium,"Poor language translation quality, complicated reservation forms, slow image loading."
my_halal_ecom_seller,Malaysian Halal E-Commerce Seller,Malaysia,Online seller specializing in certified organic halal goods.,"Values ethical and compliance certifications, high social commerce integration.",Medium-High,"Inflexible payment processing systems, lack of localized customer support."
in_tech_support,Indian IT Support Specialist,India,"Support engineer in Bangalore tech hub, keyboard power-user.","Keyboard-only navigation, command-line usage, extreme navigation speeds.",Expert,"Heavy mouse-only widgets, slow CSS page animations, missing keyboard shortcuts."
pk_freelance_coder,Pakistani Freelance Coder,Pakistan,Software developer dealing with frequent local power grid dropouts.,"UPS backup user, highly cost-sensitive, relies on local caching.",Expert,"Heavy initial page load size, lack of offline-first states, short token expirations."
bd_apparel_worker,Bangladeshi Factory Manager,Bangladesh,Production coordinator in a Dhaka garment manufacturing unit.,"Operational, spreadsheet-heavy workflows, works on low-spec desktop PCs.",Medium,"Dashboard lag on old web browsers, complex jargon, rigid layout scaling."
uk_pensioner,British Pensioner,United Kingdom,Retired senior citizen checking local services online.,"Accessibility-needy, high security skepticism, prefers vocal communication channels.",Low,"Tiny font sizes, ambiguous safety indicators, frustrating multi-step authentication."
fr_chef_de_cuisine,French Chef & Bistro Owner,France,Chef managing restaurant ordering on a kitchen-mounted tablet.,"Wet/greasy screen environment, tablet-only, hands-free voice reliance.",Medium,"Small touchscreen tap targets, lack of voice control support, crowded layouts."
de_compliance_officer,German Compliance Officer,Germany,Data protection audit specialist checking compliance.,"Extreme GDPR skepticism, demands local data hosting, zero cookies, maximum transparency.",High,"Hidden third-party tracking cookies, vague privacy clauses, lack of self-hosting."
it_fashion_buyer,Italian Fashion Boutique Buyer,Italy,Visual fashion coordinator in Milan.,"Highly visual layout expectations, sleek minimalism, premium color schemes.",Medium,"Ugly color palettes, blocky layout designs, poor high-resolution rendering."
es_tapas_bar_manager,Spanish Tapas Bar Manager,Spain,Busy manager coordinates orders on floor tablet during late hours.,"Late-night rush environment, offline POS syncing, rapid billing needs.",Medium,"Lag during server peak traffic hours, complex billing, missing offline states."
pl_logistics_coordinator,Polish Logistics Coordinator,Poland,Trucking fleet dispatcher managing real-time routes.,"Multi-monitor setups, map-heavy interfaces, live socket streaming.",High,"Web-socket reconnect drops, browser memory leaks, slow loading maps."
gr_hotel_owner,Greek Seasonal Hotel Owner,Greece,Seasonal hotel operator in Santorini managing reservations.,"Seasonal operational peaks, mobile-reliant, multi-lingual customer base.",Medium,"Rigid booking cycles, complex seasonal room rate configurations."
ch_private_banker,Swiss Wealth Advisor,Switzerland,Banker in Zurich managing high-value assets securely.,"Absolute data privacy demands, clean reports, zero activity logging.",High,"Public cloud dependencies, lack of zero-knowledge encryption, heavy JS bundles."
ca_government_worker,Canadian Civil Servant,Canada,Government administrative worker processing claims.,"Bilingual (English/French), strictly AODA accessibility compliant.",Medium,"Incomplete French translation, non-accessible interactive charts."
us_rural_farmer,Midwest US Smart Farmer,USA,Farmer managing digital tractor monitoring via satellite.,"Agritech user, tablet-in-cab, high latency satellite connections.",High,"Data packet loss errors, heavy JavaScript initial loads, cloud sync conflicts."
us_college_student,US Gen-Z College Student,USA,University student using split-screen multitasking on iPad.,"Dark mode default, speed-oriented, social-sharing shortcuts, mobile-optimized.",High,"Rigid desktop-only layouts, slow page loads, non-responsive mobile menus."
us_enterprise_exec,Fortune 500 Enterprise Director,USA,Executive analyzing high-level reports on the go.,"Enterprise SSO authentication, email report exports, strict security policies.",High,"Lack of SAML SSO onboarding, poor PDF export styling, complex profile setups."
us_nonprofit_director,US Non-profit Coordinator,USA,Director managing community volunteer tracking.,"Extremely cost-sensitive, relies on volunteers, donor management focus.",Medium,"Expensive subscription upgrades, complex volunteer onboarding flows."
br_fintech_user,Brazilian Pix-heavy Fintech User,Brazil,High-frequency digital payment user in Sao Paulo.,"Relies on Pix instant transfer systems, high mobile app security.",High (Mobile),"Slow transfer confirmations, missing local instant payment integrations."
ar_inflation_saver,Argentinian Crypto/USD Saver,Argentina,User saving money in stablecoins to beat local currency inflation.,"Multi-currency displays, live exchange rate monitoring, stablecoin-reliant.",Medium-High,"Lack of real-time currency lock options, outdated foreign exchange APIs."
co_coffee_grower,Colombian Coffee Grower,Colombia,Grower tracking market price index on shared tablet.,"Shared cooperative device, icon-heavy navigation, low literacy UI.",Low,"Difficult registration steps, lack of offline local support databases."
cl_mining_engineer,Chilean Mining Safety Inspector,Chile,Inspector recording remote high-altitude mine safety checks.,"Rugged tablet in harsh environments, offline inspections, GPS tracking.",High,"Battery drain from GPS active polling, cloud sync conflicts on reconnect."
pe_artisan_seller,Peruvian Artisan Handcraft Seller,Peru,Artisan selling traditional goods internationally online.,"International shipping tracking, photo-upload heavy, mobile-first inventory.",Medium,"Slow image compression, complex custom documentation generation."
ng_fintech_agent,Nigerian Mobile Money Agent,Nigeria,Agent providing cash-in/cash-out services in Lagos.,"High transaction frequency, USSD fallback reliance, low bandwidth.",High (Mobile),"Frequent network drops, slow session timeout recovery, heavy bundle sizes."
ke_m_pesa_user,Kenyan M-Pesa Native Retailer,Kenya,Merchant receiving digital money payments in Nairobi.,"SMS-native banking, low-cost smartphone, high mobile volume.",Medium,"Lack of local payment API, slow load times on 3G network."
za_safety_officer,South African Community Safety Officer,South Africa,Patrol officer monitoring community push alerts.,"Real-time emergency geolocation, low battery consumption needs.",Medium,"High battery drainage from location tracking, lack of offline maps."
eg_merchant,Egyptian Traditional Retailer,Egypt,Traditional shop owner tracking customer deliveries.,"Arabic language reliance, cash-on-delivery tracking, chat business.",Medium,"Lack of proper Arabic Right-to-Left (RTL) alignment, heavy forms."
ma_riad_owner,Moroccan Boutique Riad Owner,Morocco,Boutique hotel owner in Marrakech managing bookings.,"French/Arabic/English interface, multi-currency, calendar-heavy.",Medium,"Confusing booking dashboards, complex multi-calendar syncing."
gh_fintech_dev,Ghanaian Fintech Developer,Ghana,Developer building regional payment API tools.,"Developer APIs, developer-docs heavy, sandbox testing environment.",Expert,"API server latency, poor sandbox testing logs, weak SDK support."
tr_ecom_shopper,Turkish High-frequency E-Com Buyer,Turkey,Shopper in Istanbul looking for payment installment options.,"Turkish Lira volatility tracking, installment plan filters.",High,"Lack of flexible payment plans, slow loading checkout pages."
sa_wealth_family,Saudi Family Office Representative,Saudi Arabia,Representative managing multi-generational assets in Riyadh.,"Premium dark aesthetic, dual-language Arabic, secure document storage.",Medium,"Cheap aesthetics, lack of secure file-sharing integrations."
jo_humanitarian_worker,Jordanian Camp Intake Coordinator,Jordan,Worker recording aid distribution under low-bandwidth.,"Low-bandwidth tablet intake, offline-first syncing, multi-lingual forms.",Medium,"Severe data synchronization sync conflicts, heavy data usage."
il_cyber_analyst,Israeli Cybersecurity Analyst,Israel,Threat investigator reviewing logs on dark dashboard.,"Dark theme essential, keyboard power-user, high data density tables.",Expert,"Cluttered analytics widgets, lack of CLI tools, slow load times."
au_mine_operator,Australian Outback Mine Operator,Australia,Operator managing equipment telemetry in remote Western Australia.,"Remote satellite link, high latency, offline telemetry logging.",High,"Page timeouts during socket reconnects, large JS library bundle sizes."
nz_eco_farmer,Kiwi Regenerative Dairy Farmer,New Zealand,Farmer tracking carbon footprint of pasture land on tablet.,"Outdoor tablet optimized, wet hands usage, visual weather overlays.",Medium-High,"Unresponsive touch targets in damp weather, complex reporting wizards."
